# ЁЯУШ Class 5 тАФ NULL, AND, OR, ORDER BY, BETWEEN, IN, LIKE, LIMIT, OFFSET

---

## ЁЯФ╣ NULL Values ржЦрзБржБржЬрзЗ ржмрзЗрж░ ржХрж░рж╛
```sql
SELECT * FROM TableName WHERE columnName IS NULL;
```

### ЁЯЦея╕П Terminal View
```
MariaDB [empolyees]> SELECT * FROM employees WHERE phone IS NULL;
+--------+---------------+------------+----------+---------------------+-------+
| emp_id | name          | department | salary   | email               | phone |
+--------+---------------+------------+----------+---------------------+-------+
|      2 | Sanjida Akter | HR         | 40000.00 | sanjida@company.com | NULL  |
|      6 | Rafi Ahmed    | Marketing  | 35000.00 | rafi@company.com    | NULL  |
|      8 | Sohan Khan    | Finance    | 42000.00 | NULL                | NULL  |
|     13 | Hasan Mahmud  | Marketing  | 37000.00 | hasan@company.com   | NULL  |
|     17 | Riyad Hossain | IT         | 46000.00 | NULL                | NULL  |
|     19 | Sabbir Khan   | Security   | 28000.00 | sabbir@company.com  | NULL  |
+--------+---------------+------------+----------+---------------------+-------+
6 rows in set (0.014 sec)
```

---

## ЁЯФ╣ AND тАФ ржжрзБржЯрж┐ рж╢рж░рзНрждржЗ рж╕рждрзНржп рж╣рж▓рзЗ Row ржжрзЗржЦрж╛ржмрзЗ
```sql
SELECT * FROM TableName WHERE column1 = value AND column2 > value;
```

### ЁЯЦея╕П Terminal View
```
MariaDB [empolyees]> SELECT * FROM employees WHERE emp_id = 2 AND salary < 100000;
+--------+---------------+------------+----------+---------------------+-------+
| emp_id | name          | department | salary   | email               | phone |
+--------+---------------+------------+----------+---------------------+-------+
|      2 | Sanjida Akter | HR         | 40000.00 | sanjida@company.com | NULL  |
+--------+---------------+------------+----------+---------------------+-------+
1 row in set (0.002 sec)
```

---

## ЁЯФ╣ OR тАФ ржпрзЗржХрзЛржирзЛ ржПржХржЯрж┐ рж╢рж░рзНржд рж╕рждрзНржп рж╣рж▓рзЗржЗ Row ржжрзЗржЦрж╛ржмрзЗ
```sql
SELECT * FROM TableName WHERE column1 = value OR column2 > value;
```

### ЁЯЦея╕П Terminal View
```
MariaDB [empolyees]> SELECT * FROM employees WHERE emp_id = 2 OR salary < 100000;
+--------+----------------+------------+----------+---------------------+-------------+
| emp_id | name           | department | salary   | email               | phone       |
+--------+----------------+------------+----------+---------------------+-------------+
|      1 | Rakib Hossain  | IT         | 45000.00 | rakib@company.com   | 01828315879 |
|      2 | Sanjida Akter  | HR         | 40000.00 | sanjida@company.com | NULL        |
|      4 | Tania Rahman   | NULL       | 38000.00 | tania@company.com   | 01692587410 |
|      5 | Nafis Alam     | IT         | 47000.00 | NULL                | 01523647890 |
|      6 | Rafi Ahmed     | Marketing  | 35000.00 | rafi@company.com    | NULL        |
|      7 | Sadia Noor     | IT         | 50000.00 | sadia@company.com   | 01812587463 |
|      8 | Sohan Khan     | Finance    | 42000.00 | NULL                | NULL        |
|      9 | Nusrat Jahan   | Admin      | 39000.00 | nusrat@company.com  | 01736985241 |
|     10 | Tuhin Roy      | Security   | 25000.00 | NULL                | 01865987541 |
|     11 | Shila Parvin   | HR         | 41000.00 | shila@company.com   | 01787458965 |
|     13 | Hasan Mahmud   | Marketing  | 37000.00 | hasan@company.com   | NULL        |
|     14 | Mim Akter      | Admin      | 36000.00 | NULL                | 01586932417 |
|     15 | Kamal Uddin    | NULL       | 34000.00 | kamal@company.com   | 01745896321 |
|     16 | Jannat Ferdous | Finance    | 42000.00 | jannat@company.com  | 01894561278 |
|     17 | Riyad Hossain  | IT         | 46000.00 | NULL                | NULL        |
|     19 | Sabbir Khan    | Security   | 28000.00 | sabbir@company.com  | NULL        |
|     20 | Arif Hasan     | Marketing  | 37000.00 | NULL                | 01985471236 |
+--------+----------------+------------+----------+---------------------+-------------+
17 rows in set (0.005 sec)
```

---

## ЁЯФ╣ ASC тАФ ржирж╛ржо ржЕржирзБржпрж╛рзЯрзА ржЙржкрж░рзЗ ржерзЗржХрзЗ ржирж┐ржЪрзЗ рж╕рж╛ржЬрж╛ржирзЛ
```sql
SELECT * FROM tableName ORDER BY columnName ASC;
```

### ЁЯЦея╕П Terminal View
```
MariaDB [empolyees]> SELECT * FROM employees ORDER BY name ASC;
+--------+----------------+------------+----------+---------------------+-------------+
| emp_id | name           | department | salary   | email               | phone       |
+--------+----------------+------------+----------+---------------------+-------------+
|     20 | Arif Hasan     | Marketing  | 37000.00 | NULL                | 01985471236 |
|     13 | Hasan Mahmud   | Marketing  | 37000.00 | hasan@company.com   | NULL        |
|     12 | Imran Ali      | IT         |     NULL | imran@company.com   | 01658963214 |
|     16 | Jannat Ferdous | Finance    | 42000.00 | jannat@company.com  | 01894561278 |
|     15 | Kamal Uddin    | NULL       | 34000.00 | kamal@company.com   | 01745896321 |
|      3 | Mahin Islam    | Finance    |     NULL | mahin@company.com   | 01725648912 |
|     14 | Mim Akter      | Admin      | 36000.00 | NULL                | 01586932417 |
|      5 | Nafis Alam     | IT         | 47000.00 | NULL                | 01523647890 |
|      9 | Nusrat Jahan   | Admin      | 39000.00 | nusrat@company.com  | 01736985241 |
|      6 | Rafi Ahmed     | Marketing  | 35000.00 | rafi@company.com    | NULL        |
|      1 | Rakib Hossain  | IT         | 45000.00 | rakib@company.com   | 01828315879 |
|     17 | Riyad Hossain  | IT         | 46000.00 | NULL                | NULL        |
|     19 | Sabbir Khan    | Security   | 28000.00 | sabbir@company.com  | NULL        |
|      7 | Sadia Noor     | IT         | 50000.00 | sadia@company.com   | 01812587463 |
|      2 | Sanjida Akter  | HR         | 40000.00 | sanjida@company.com | NULL        |
|     11 | Shila Parvin   | HR         | 41000.00 | shila@company.com   | 01787458965 |
|      8 | Sohan Khan     | Finance    | 42000.00 | NULL                | NULL        |
|      4 | Tania Rahman   | NULL       | 38000.00 | tania@company.com   | 01692587410 |
|     18 | Toma Rahman    | HR         |     NULL | toma@company.com    | 01852369874 |
|     10 | Tuhin Roy      | Security   | 25000.00 | NULL                | 01865987541 |
+--------+----------------+------------+----------+---------------------+-------------+
20 rows in set (0.009 sec)
```

---

## ЁЯФ╣ DESC тАФ ржирж╛ржо ржЕржирзБржпрж╛рзЯрзА ржирж┐ржЪ ржерзЗржХрзЗ ржЙржкрж░рзЗ рж╕рж╛ржЬрж╛ржирзЛ
```sql
SELECT * FROM tableName ORDER BY columnName DESC;
```

### ЁЯЦея╕П Terminal View
```
MariaDB [empolyees]> SELECT * FROM employees ORDER BY name DESC;
+--------+----------------+------------+----------+---------------------+-------------+
| emp_id | name           | department | salary   | email               | phone       |
+--------+----------------+------------+----------+---------------------+-------------+
|     10 | Tuhin Roy      | Security   | 25000.00 | NULL                | 01865987541 |
|     18 | Toma Rahman    | HR         |     NULL | toma@company.com    | 01852369874 |
|      4 | Tania Rahman   | NULL       | 38000.00 | tania@company.com   | 01692587410 |
|      8 | Sohan Khan     | Finance    | 42000.00 | NULL                | NULL        |
|     11 | Shila Parvin   | HR         | 41000.00 | shila@company.com   | 01787458965 |
|      2 | Sanjida Akter  | HR         | 40000.00 | sanjida@company.com | NULL        |
|      7 | Sadia Noor     | IT         | 50000.00 | sadia@company.com   | 01812587463 |
|     19 | Sabbir Khan    | Security   | 28000.00 | sabbir@company.com  | NULL        |
|     17 | Riyad Hossain  | IT         | 46000.00 | NULL                | NULL        |
|      1 | Rakib Hossain  | IT         | 45000.00 | rakib@company.com   | 01828315879 |
|      6 | Rafi Ahmed     | Marketing  | 35000.00 | rafi@company.com    | NULL        |
|      9 | Nusrat Jahan   | Admin      | 39000.00 | nusrat@company.com  | 01736985241 |
|      5 | Nafis Alam     | IT         | 47000.00 | NULL                | 01523647890 |
|     14 | Mim Akter      | Admin      | 36000.00 | NULL                | 01586932417 |
|      3 | Mahin Islam    | Finance    |     NULL | mahin@company.com   | 01725648912 |
|     15 | Kamal Uddin    | NULL       | 34000.00 | kamal@company.com   | 01745896321 |
|     16 | Jannat Ferdous | Finance    | 42000.00 | jannat@company.com  | 01894561278 |
|     12 | Imran Ali      | IT         |     NULL | imran@company.com   | 01658963214 |
|     13 | Hasan Mahmud   | Marketing  | 37000.00 | hasan@company.com   | NULL        |
|     20 | Arif Hasan     | Marketing  | 37000.00 | NULL                | 01985471236 |
+--------+----------------+------------+----------+---------------------+-------------+
20 rows in set (0.003 sec)
```

---

## ЁЯФ╣ BETWEEN тАФ ржжрзБржЯрж┐ ржорж╛ржирзЗрж░ ржорж╛ржЭрзЗрж░ рж╕ржм Values ржжрзЗржЦрж╛ржмрзЗ
```sql
SELECT * FROM tableName WHERE columnName BETWEEN value1 AND value2;
```

### ЁЯЦея╕П Terminal View
```
MariaDB [cstustudent]> SELECT * FROM friends WHERE Roll BETWEEN 10 AND 20;
+---------+------+----------+-----------------------+
| Name    | Roll | Phone    | Email                 |
+---------+------+----------+-----------------------+
| Hanjala |   18 | 10101001 | hanjala.com@gmail.com |
| Alfi    |   15 | 101010   | alfi.com@gmail.com    |
| Raid    |   16 | 0101     | abc@gmail.com         |
+---------+------+----------+-----------------------+
3 rows in set (0.001 sec)
```

---

## ЁЯФ╣ IN тАФ ржирж┐рж░рзНржжрж┐рж╖рзНржЯ ржХрзЯрзЗржХржЯрж┐ Value ржорж┐рж▓рзЗ ржЧрзЗрж▓рзЗ Row ржжрзЗржЦрж╛ржмрзЗ
```sql
SELECT * FROM TableName WHERE columnName IN (value1, value2);
```

### ЁЯЦея╕П Terminal View
```
MariaDB [cstustudent]> SELECT * FROM friends WHERE Roll IN ("15", "50");
+-------+------+-------------+--------------------+
| Name  | Roll | Phone       | Email              |
+-------+------+-------------+--------------------+
| Rakib |   50 | 01707899058 | rh@gamail.com      |
| Alfi  |   15 | 101010      | alfi.com@gmail.com |
+-------+------+-------------+--------------------+
2 rows in set (0.003 sec)
```

---

## ЁЯФ╣ LIKE тАФ Pattern Matching
```sql
SELECT * FROM tableName WHERE columnName LIKE "value%";   -- value ржжрж┐рзЯрзЗ рж╢рзБрж░рзБ
SELECT * FROM tableName WHERE columnName LIKE "%value";   -- value ржжрж┐рзЯрзЗ рж╢рзЗрж╖
```

### ЁЯЦея╕П LIKE "S%" Example
```
MariaDB [empolyees]> SELECT * FROM employees WHERE name LIKE "S%";
+--------+---------------+------------+----------+---------------------+-------------+
| emp_id | name          | department | salary   | email               | phone       |
+--------+---------------+------------+----------+---------------------+-------------+
|      2 | Sanjida Akter | HR         | 40000.00 | sanjida@company.com | NULL        |
|      7 | Sadia Noor    | IT         | 50000.00 | sadia@company.com   | 01812587463 |
|      8 | Sohan Khan    | Finance    | 42000.00 | NULL                | NULL        |
|     11 | Shila Parvin  | HR         | 41000.00 | shila@company.com   | 01787458965 |
|     19 | Sabbir Khan   | Security   | 28000.00 | sabbir@company.com  | NULL        |
+--------+---------------+------------+----------+---------------------+-------------+
5 rows in set (0.039 sec)
```

### ЁЯЦея╕П LIKE "%r" Example
```
MariaDB [empolyees]> SELECT * FROM employees WHERE name LIKE "%r";
+--------+---------------+------------+----------+---------------------+-------------+
| emp_id | name          | department | salary   | email               | phone       |
+--------+---------------+------------+----------+---------------------+-------------+
|      2 | Sanjida Akter | HR         | 40000.00 | sanjida@company.com | NULL        |
|      7 | Sadia Noor    | IT         | 50000.00 | sadia@company.com   | 01812587463 |
|     14 | Mim Akter     | Admin      | 36000.00 | NULL                | 01586932417 |
+--------+---------------+------------+----------+---------------------+-------------+
3 rows in set (0.003 sec)
```

---

## ЁЯФ╣ LIMIT тАФ ржХрждржЯрж┐ Row ржжрзЗржЦрж╛ржмрзЗ
```sql
SELECT * FROM tableName LIMIT value;
```

### ЁЯЦея╕П Terminal View
```
MariaDB [empolyees]> SELECT * FROM employees LIMIT 2;
+--------+---------------+------------+----------+---------------------+-------------+
| emp_id | name          | department | salary   | email               | phone       |
+--------+---------------+------------+----------+---------------------+-------------+
|      1 | Rakib Hossain | IT         | 45000.00 | rakib@company.com   | 01828315879 |
|      2 | Sanjida Akter | HR         | 40000.00 | sanjida@company.com | NULL        |
+--------+---------------+------------+----------+---------------------+-------------+
2 rows in set (0.001 sec)
```

---

## ЁЯФ╣ OFFSET тАФ ржкрзНрж░ржержо X Row ржмрж╛ржж ржжрж┐рзЯрзЗ ржкрж░рзЗрж░ Row ржжрзЗржЦрж╛ржмрзЗ
```sql
SELECT * FROM tableName LIMIT value OFFSET value;
```

---

## тЬЕ Summary
ржПржЗ ржХрзНрж▓рж╛рж╕рзЗ рж╢рж┐ржЦрзЗржЫрзЛ:
- NULL filtering  
- AND / OR conditions  
- ASC / DESC sorting  
- BETWEEN / IN filtering  
- LIKE ржжрж┐рзЯрзЗ pattern matching  
- LIMIT ржУ OFFSET  

---
## ЁЯЯй AND ржЕржкрж╛рж░рзЗржЯрж░  
ржжрзБржЯрж┐ рж╢рж░рзНржд ржПржХрж╕рж╛ржерзЗ рж╕рждрзНржп рж╣рж▓рзЗ ржбрж╛ржЯрж╛ ржжрзЗржЦрж╛ржмрзЗред

```sql
SELECT * FROM TableName 
WHERE columnName = value AND columnName > value;
```

тЬФ ржмрзНржпржмрж╣рж╛рж░ ржпржЦржи ржжрж░ржХрж╛рж░:  
ржПржХржЬржи ржХрж░рзНржоржЪрж╛рж░рзА ржпрж╛рж░ ржмрзЯрж╕ рзирзж ржПрж░ ржмрзЗрж╢рж┐ *ржПржмржВ* ржбрж┐ржкрж╛рж░рзНржЯржорзЗржирзНржЯ IT тАФ ржПржЗ ржжрзБржЗ ржХржирзНржбрж┐рж╢ржи ржорж┐рж▓рж▓рзЗ рждржмрзЗржЗ рж░рзЛ ржкрж╛ржУрзЯрж╛ ржпрж╛ржмрзЗред

---

## ЁЯЯи OR ржЕржкрж╛рж░рзЗржЯрж░  
ржпрзЗржХрзЛржирзЛ ржПржХржЯрж┐ ржХржирзНржбрж┐рж╢ржи ржорж┐рж▓рж▓рзЗржЗ ржбрж╛ржЯрж╛ ржжрзЗржЦрж╛ржмрзЗред

```sql
SELECT * FROM TableName 
WHERE columnName = value OR columnName > value;
```

тЬФ ржмрзНржпржмрж╣рж╛рж░ ржпржЦржи ржжрж░ржХрж╛рж░:  
ржмрзЯрж╕ рзйрзж ржПрж░ ржмрзЗрж╢рж┐ **ржмрж╛** ржбрж┐ржкрж╛рж░рзНржЯржорзЗржирзНржЯ HR тЖТ ржпрзЗржХрзЛржирзЛ ржПржХржЯрж┐ рж╣рж▓рзЗржЗ ржбрж╛ржЯрж╛ ржжрзЗржЦрж╛ржмрзЗред

---

## ЁЯЯз ORDER BY (Ascending / Descending)

### тЦ╢ Ascending Order (A тЖТ Z / ржЫрзЛржЯ тЖТ ржмрзЬ)
```sql
SELECT * FROM tableName ORDER BY columnName ASC;
```

### тЦ╢ Descending Order (Z тЖТ A / ржмрзЬ тЖТ ржЫрзЛржЯ)
```sql
SELECT * FROM tableName ORDER BY columnName DESC;
```

тЬФ ржмрзНржпржмрж╣рж╛рж░ ржпржЦржи ржжрж░ржХрж╛рж░:  
- ржирж╛ржо ржмрж░рзНржгрж╛ржирзБржХрзНрж░ржорзЗ рж╕рж╛ржЬрж╛ржирзЛ  
- Salary ржЫрзЛржЯтЖТржмрзЬ  
- рж╕рж░рзНржмрзЛржЪрзНржЪ ржмрж╛ рж╕рж░рзНржмржирж┐ржорзНржи ржорж╛ржи ржмрзЗрж░ ржХрж░рж╛

---

## ЁЯЯк BETWEEN  
ржжрзБржЯрж┐ ржорж╛ржирзЗрж░ **ржорж╛ржЭрзЗрж░ рж╕ржм рж░рзЗржХрж░рзНржб** ржЦрзБржБржЬрждрзЗ BETWEEN ржмрзНржпржмрж╣рж╛рж░ рж╣рзЯред

```sql
SELECT * FROM tableName 
WHERE columnName BETWEEN value1 AND value2;
```

тЬФ ржпрзЗржоржи:  
рззрзж ржерзЗржХрзЗ рзирзжтАФржПржЗ рж░рзЗржЮрзНржЬрзЗрж░ ржоржзрзНржпрзЗ ржпржд Roll ржЖржЫрзЗ рж╕ржм ржжрзЗржЦрж╛ржмрзЗред

---

## ЁЯЯл IN  
ржХрж▓рж╛ржорзЗрж░ ржорж╛ржи ржПржХржЯрж┐ ржирж┐рж░рзНржжрж┐рж╖рзНржЯ рж▓рж┐рж╕рзНржЯрзЗрж░ ржоржзрзНржпрзЗ ржЖржЫрзЗ ржХрж┐ржирж╛ рждрж╛ ржЪрзЗржХ ржХрж░рзЗред

```sql
SELECT * FROM TableName 
WHERE columnName IN (value1, value2, value3);
```

тЬФ ржмрзНржпржмрж╣рж╛рж░ ржпржЦржи ржжрж░ржХрж╛рж░:  
Roll 10, 20 ржмрж╛ 30 ржпрж╛рж░ржЗ рж╣ржмрзЗтАФрждрж┐ржиржЯрж┐ржЗ ржжрзЗржЦрж╛ржмрзЗред

---

## ЁЯЯй LIKE (Pattern Matching)

LIKE ржжрж┐рзЯрзЗ **word-ржПрж░ pattern** ржЦрзЛржБржЬрж╛ рж╣рзЯред  
ржПржЦрж╛ржирзЗ `%` ржорж╛ржирзЗ тАФ "ржпрзЗржХрзЛржирзЛ ржХрж┐ржЫрзБ"ред

### тЬФ 1) value% тЖТ ржпрж╛ржжрзЗрж░ ржирж╛ржо value ржжрж┐рзЯрзЗ рж╢рзБрж░рзБ  
```sql
SELECT * FROM tableName 
WHERE columnName LIKE 'S%';
```

### тЬФ 2) %value тЖТ ржпрж╛ржжрзЗрж░ ржирж╛ржо value ржжрж┐рзЯрзЗ рж╢рзЗрж╖  
```sql
SELECT * FROM tableName 
WHERE columnName LIKE '%r';
```

### тЬФ 3) %value% тЖТ ржорж╛ржЭрзЗржУ ржерж╛ржХрждрзЗ ржкрж╛рж░рзЗ  
```sql
SELECT * FROM tableName 
WHERE columnName LIKE '%an%';
```

---

## ЁЯЯж LIMIT  
ржХрждржЧрзБрж▓рзЛ row ржжрзЗржЦрждрзЗ ржЪрж╛ржУтАФрж╕рзЗржЯрж╛ ржирж┐рж░рзНржжрж┐рж╖рзНржЯ ржХрж░рждрзЗ LIMIT ржмрзНржпржмрж╣рж╛рж░ рж╣рзЯред

```sql
SELECT * FROM tableName LIMIT number;
```

тЬФ ржмрзНржпржмрж╣рж╛рж░ ржпржЦржи ржжрж░ржХрж╛рж░:  
- ржкрзНрж░ржержо рзиржЯрж┐ рж░рзЗржХрж░рзНржб  
- Top 10  
- Preview data  

---

## ЁЯЯз OFFSET  
ржХрзЯрзЗржХржЯрж┐ row ржмрж╛ржж ржжрж┐рзЯрзЗ ржПрж░ ржкрж░рзЗ ржерж╛ржХрж╛ row ржжрзЗржЦрж╛рзЯред

```sql
SELECT * FROM tableName 
LIMIT limitValue OFFSET skipValue;
```

тЬФ ржЙржжрж╛рж╣рж░ржг:  
рзлржЯрж┐ рж╕рзНржХрж┐ржк ржХрж░рзЗ ржкрж░рзЗрж░ рззрзжржЯрж┐ рж░рзЗржХрж░рзНржб ржжрзЗржЦрж╛ржУред

---

## ЁЯОп Final Note  
ржПржЧрзБрж▓рзЛ SQL-ржПрж░ рж╕ржмржЪрзЗрзЯрзЗ ржмрзЗрж╕рж┐ржХ ржХрж┐ржирзНрждрзБ рж╕ржмржЪрзЗржпрж╝рзЗ ржмрзЗрж╢рж┐ ржмрзНржпржмрж╣рзГржд ржХржорж╛ржирзНржбред  
ржбрзЗржЯрж╛ ржлрж┐рж▓рзНржЯрж╛рж░ ржХрж░рж╛, рж╕рж╛ржЬрж╛ржирзЛ, рж╕рж╛рж░рзНржЪ ржХрж░рж╛тАФрж╕ржмржХрж┐ржЫрзБрждрзЗржЗ ржПржЧрзБрж▓рзЛ рж▓рж╛ржЧрзЗред

---
