# DBMS-Learning
# üè´ Class 1 ‚Äî Introduction to DBMS

## 1Ô∏è‚É£ Termux Setup for Database

- Termux ‡¶á‡¶®‡ßç‡¶∏‡¶ü‡¶≤ ‡¶ï‡¶∞‡ßã  
- MariaDB ‡¶¨‡¶æ MySQL ‡¶™‡ßç‡¶Ø‡¶æ‡¶ï‡ßá‡¶ú ‡¶á‡¶®‡ßç‡¶∏‡¶ü‡¶≤ ‡¶ï‡¶∞‡ßã:  
```bash
pkg install mariadb
```
- ‡¶∏‡¶æ‡¶∞‡ßç‡¶≠‡¶æ‡¶∞ ‡¶∏‡ßç‡¶ü‡¶æ‡¶∞‡ßç‡¶ü ‡¶ï‡¶∞‡ßã:  
```bash
mysqld_safe &
```
- MariaDB ‡¶è ‡¶™‡ßç‡¶∞‡¶¨‡ßá‡¶∂ ‡¶ï‡¶∞‡ßã:  
```bash
mysql -u root
```

> ‡¶è‡¶ñ‡¶® ‡¶§‡ßÅ‡¶Æ‡¶ø Database ‡¶§‡ßà‡¶∞‡¶ø ‡¶è‡¶¨‡¶Ç SQL commands ‡¶¨‡ßç‡¶Ø‡¶¨‡¶π‡¶æ‡¶∞ ‡¶ï‡¶∞‡¶§‡ßá ‡¶™‡ßç‡¶∞‡¶∏‡ßç‡¶§‡ßÅ‡¶§‡•§  

---

## 2Ô∏è‚É£ What is DBMS?

**DBMS (Database Management System)** ‚Üí ‡¶è‡¶Æ‡¶® software ‡¶Ø‡¶æ ‡¶°‡¶æ‡¶ü‡¶æ‡¶ï‡ßá **store, manage ‡¶è‡¶¨‡¶Ç organize** ‡¶ï‡¶∞‡ßá‡•§  

### Key Points:
- ‡¶°‡¶æ‡¶ü‡¶æ ‡¶∏‡¶Ç‡¶∞‡¶ï‡ßç‡¶∑‡¶£ ‡¶ï‡¶∞‡ßá **efficient ‡¶è‡¶¨‡¶Ç secure** ‡¶≠‡¶æ‡¶¨‡ßá‡•§  
- SQL ‡¶¨‡ßç‡¶Ø‡¶¨‡¶π‡¶æ‡¶∞ ‡¶ï‡¶∞‡ßá ‡¶°‡¶æ‡¶ü‡¶æ **query ‡¶è‡¶¨‡¶Ç manipulate** ‡¶ï‡¶∞‡¶æ ‡¶Ø‡¶æ‡ßü‡•§  
- ‡¶â‡¶¶‡¶æ‡¶π‡¶∞‡¶£: MySQL, MariaDB, PostgreSQL, Oracle DB  

---

## 3Ô∏è‚É£ Why DBMS?

- ‡¶°‡¶æ‡¶ü‡¶æ‡¶∞ **consistency** ‡¶ì **integrity** ‡¶¨‡¶ú‡¶æ‡ßü ‡¶∞‡¶æ‡¶ñ‡ßá  
- ‡¶°‡¶æ‡¶ü‡¶æ‡¶∞ **security** ‡¶®‡¶ø‡¶∂‡ßç‡¶ö‡¶ø‡¶§ ‡¶ï‡¶∞‡ßá  
- ‡¶∏‡¶π‡¶ú‡ßá **search, update, delete** ‡¶ï‡¶∞‡¶æ ‡¶Ø‡¶æ‡ßü  

> ‚úÖ DBMS ‡¶∂‡ßá‡¶ñ‡¶æ‡¶∞ ‡¶Æ‡¶æ‡¶ß‡ßç‡¶Ø‡¶Æ‡ßá ‡¶§‡ßÅ‡¶Æ‡¶ø Structured Data handle ‡¶ï‡¶∞‡¶§‡ßá ‡¶™‡¶æ‡¶∞‡¶¨‡ßá ‡¶è‡¶¨‡¶Ç real-world applications ‡¶è ‡¶ï‡¶æ‡¶ú ‡¶ï‡¶∞‡¶§‡ßá ‡¶™‡¶æ‡¶∞‡¶¨‡ßá‡•§


# üè´ Class 2 ‚Äî Step by Step Database Tutorial

Step by Step ‡¶ó‡¶æ‡¶á‡¶° ‡¶Ü‡¶Æ‡¶æ‡¶¶‡ßá‡¶∞ **Database ‡¶è‡¶¨‡¶Ç Table ‡¶§‡ßà‡¶∞‡¶ø** ‡¶ï‡¶∞‡¶æ‡¶∞ ‡¶ú‡¶®‡ßç‡¶Ø‡•§  

---

## üìù ‡¶Ü‡¶Æ‡¶æ‡¶¶‡ßá‡¶∞ ‡¶ï‡¶æ‡¶ú

### 1Ô∏è‚É£ Database ‡¶§‡ßà‡¶∞‡¶ø ‡¶ï‡¶∞‡¶æ
**Cmd:**  
```sql
SHOW databases;
```
> ‡¶è‡¶á ‡¶ï‡¶Æ‡¶æ‡¶®‡ßç‡¶° ‡¶¶‡¶ø‡¶Ø‡¶º‡ßá ‡¶Ü‡¶ó‡ßá ‡¶•‡ßá‡¶ï‡ßá ‡¶•‡¶æ‡¶ï‡¶æ ‡¶°‡¶æ‡¶ü‡¶æ‡¶¨‡ßá‡¶∏‡¶ó‡ßÅ‡¶≤‡ßã ‡¶¶‡ßá‡¶ñ‡¶æ ‡¶Ø‡¶æ‡¶Ø‡¶º‡•§  

**Cmd (‡¶®‡¶§‡ßÅ‡¶® Database ‡¶§‡ßà‡¶∞‡¶ø ‡¶ï‡¶∞‡¶æ‡¶∞ ‡¶ú‡¶®‡ßç‡¶Ø):**  
```sql
CREATE DATABASE DatabaseName;
```
> ‡¶è‡¶ñ‡¶æ‡¶®‡ßá `DatabaseName` ‡¶è‡¶∞ ‡¶ú‡¶æ‡ßü‡¶ó‡¶æ‡ßü ‡¶®‡¶ø‡¶ú‡ßá‡¶∞ ‡¶°‡¶æ‡¶ü‡¶æ‡¶¨‡ßá‡¶∏‡ßá‡¶∞ ‡¶®‡¶æ‡¶Æ ‡¶¨‡ßç‡¶Ø‡¶¨‡¶π‡¶æ‡¶∞ ‡¶ï‡¶∞‡¶¨‡ßá‡•§  

---

### 2Ô∏è‚É£ Database-‡¶è ‡¶™‡ßç‡¶∞‡¶¨‡ßá‡¶∂ ‡¶ï‡¶∞‡¶æ
**Cmd:**  
```sql
USE DatabaseName;
```
> ‡¶è‡¶ü‡¶ø ‡¶§‡ßã‡¶Æ‡¶æ‡¶ï‡ßá ‡¶®‡¶ø‡¶∞‡ßç‡¶¶‡¶ø‡¶∑‡ßç‡¶ü ‡¶°‡¶æ‡¶ü‡¶æ‡¶¨‡ßá‡¶∏‡ßá ‡¶™‡ßç‡¶∞‡¶¨‡ßá‡¶∂ ‡¶ï‡¶∞‡¶æ‡¶¨‡ßá‡•§  

---

### 3Ô∏è‚É£ ‡¶ü‡ßá‡¶¨‡¶ø‡¶≤ ‡¶§‡ßà‡¶∞‡¶ø ‡¶ï‡¶∞‡¶æ
**Cmd:**  
```sql
CREATE TABLE product(
    Name VARCHAR(100),
    Description VARCHAR(100),
    Price INT,
    Variant VARCHAR(100)
);
```
> ‡¶è‡¶á ‡¶ï‡¶Æ‡¶æ‡¶®‡ßç‡¶° ‡¶¶‡¶ø‡¶Ø‡¶º‡ßá `product` ‡¶®‡¶æ‡¶Æ‡ßá ‡¶è‡¶ï‡¶ü‡¶ø ‡¶ü‡ßá‡¶¨‡¶ø‡¶≤ ‡¶§‡ßà‡¶∞‡¶ø ‡¶π‡¶¨‡ßá‡•§  

**Cmd (‡¶ü‡ßá‡¶¨‡¶ø‡¶≤‡¶ó‡ßÅ‡¶≤‡ßã ‡¶¶‡ßá‡¶ñ‡¶æ‡¶®‡ßã‡¶∞ ‡¶ú‡¶®‡ßç‡¶Ø):**  
```sql
SHOW TABLES;
```
> ‡¶è‡¶á ‡¶ï‡¶Æ‡¶æ‡¶®‡ßç‡¶° ‡¶¶‡¶ø‡¶Ø‡¶º‡ßá ‡¶°‡¶æ‡¶ü‡¶æ‡¶¨‡ßá‡¶∏‡ßá‡¶∞ ‡¶∏‡¶¨ ‡¶ü‡ßá‡¶¨‡¶ø‡¶≤ ‡¶¶‡ßá‡¶ñ‡¶æ ‡¶Ø‡¶æ‡¶¨‡ßá‡•§  

---

## üîç Column Explanation

- **Name**  
  - ‡¶ü‡¶æ‡¶á‡¶™: `VARCHAR(100)`  
  - ‡¶¨‡ßç‡¶Ø‡¶æ‡¶ñ‡ßç‡¶Ø‡¶æ: ‡¶™‡ßç‡¶∞‡ßã‡¶°‡¶æ‡¶ï‡ßç‡¶ü‡ßá‡¶∞ ‡¶®‡¶æ‡¶Æ ‡¶∏‡¶Ç‡¶∞‡¶ï‡ßç‡¶∑‡¶£ ‡¶ï‡¶∞‡ßá‡•§  

- **Description**  
  - ‡¶ü‡¶æ‡¶á‡¶™: `VARCHAR(100)`  
  - ‡¶¨‡ßç‡¶Ø‡¶æ‡¶ñ‡ßç‡¶Ø‡¶æ: ‡¶™‡ßç‡¶∞‡ßã‡¶°‡¶æ‡¶ï‡ßç‡¶ü‡ßá‡¶∞ ‡¶¨‡¶ø‡¶∏‡ßç‡¶§‡¶æ‡¶∞‡¶ø‡¶§ ‡¶¨‡¶ø‡¶¨‡¶∞‡¶£‡•§  

- **Price**  
  - ‡¶ü‡¶æ‡¶á‡¶™: `INT`  
  - ‡¶¨‡ßç‡¶Ø‡¶æ‡¶ñ‡ßç‡¶Ø‡¶æ: ‡¶™‡ßç‡¶∞‡ßã‡¶°‡¶æ‡¶ï‡ßç‡¶ü‡ßá‡¶∞ ‡¶¶‡¶æ‡¶Æ‡•§  

- **Variant**  
  - ‡¶ü‡¶æ‡¶á‡¶™: `VARCHAR(100)`  
  - ‡¶¨‡ßç‡¶Ø‡¶æ‡¶ñ‡ßç‡¶Ø‡¶æ: ‡¶™‡ßç‡¶∞‡ßã‡¶°‡¶æ‡¶ï‡ßç‡¶ü‡ßá‡¶∞ ‡¶≠‡ßç‡¶Ø‡¶æ‡¶∞‡¶ø‡¶Ø‡¶º‡ßá‡¶®‡ßç‡¶ü, ‡¶Ø‡ßá‡¶Æ‡¶® ‡¶∞‡¶ô ‡¶¨‡¶æ ‡¶∏‡¶æ‡¶á‡¶ú‡•§  

---

## üí° Tips
- ‡¶∏‡¶¨ SQL ‡¶ï‡¶Æ‡¶æ‡¶®‡ßç‡¶° **`sql` ‡¶ï‡ßã‡¶° ‡¶¨‡ßç‡¶≤‡¶ï**-‡¶è ‡¶∞‡¶æ‡¶ñ‡¶≤‡ßá GitHub README-‡¶§‡ßá ‡¶∏‡ßÅ‡¶®‡ßç‡¶¶‡¶∞ ‡¶¶‡ßá‡¶ñ‡¶æ‡¶¨‡ßá‡•§  
- ‡¶°‡¶æ‡¶ü‡¶æ‡¶¨‡ßá‡¶∏ ‡¶®‡¶æ‡¶Æ ‡¶ì ‡¶ü‡ßá‡¶¨‡¶ø‡¶≤ ‡¶®‡¶æ‡¶Æ ‡¶õ‡ßã‡¶ü ‡¶π‡¶æ‡¶§‡ßá‡¶∞ ‡¶Ö‡¶ï‡ßç‡¶∑‡¶∞‡ßá ‡¶∞‡¶æ‡¶ñ‡¶≤‡ßá ‡¶ï‡ßã‡¶®‡ßã ‡¶∏‡¶Æ‡¶∏‡ßç‡¶Ø‡¶æ ‡¶π‡¶¨‡ßá ‡¶®‡¶æ‡•§  
- ‡¶™‡ßç‡¶∞‡ßü‡ßã‡¶ú‡¶®‡ßá `ALTER TABLE` ‡¶¶‡¶ø‡ßü‡ßá Column ‡¶Ø‡ßã‡¶ó ‡¶¨‡¶æ ‡¶™‡¶∞‡¶ø‡¶¨‡¶∞‡ßç‡¶§‡¶® ‡¶ï‡¶∞‡¶æ ‡¶Ø‡ßá‡¶§‡ßá ‡¶™‡¶æ‡¶∞‡ßá‡•§  

---

üéØ **Summary Steps**  
1. `SHOW databases` ‚Üí ‡¶°‡¶æ‡¶ü‡¶æ‡¶¨‡ßá‡¶∏ ‡¶¶‡ßá‡¶ñ‡¶æ  
2. `CREATE DATABASE` ‚Üí ‡¶®‡¶§‡ßÅ‡¶® ‡¶°‡¶æ‡¶ü‡¶æ‡¶¨‡ßá‡¶∏ ‡¶§‡ßà‡¶∞‡¶ø  
3. `USE` ‚Üí ‡¶°‡¶æ‡¶ü‡¶æ‡¶¨‡ßá‡¶∏‡ßá ‡¶™‡ßç‡¶∞‡¶¨‡ßá‡¶∂  
4. `CREATE TABLE` ‚Üí ‡¶ü‡ßá‡¶¨‡¶ø‡¶≤ ‡¶§‡ßà‡¶∞‡¶ø  
5. `SHOW TABLES` ‚Üí ‡¶ü‡ßá‡¶¨‡¶ø‡¶≤‡¶ó‡ßÅ‡¶≤‡ßã ‡¶¶‡ßá‡¶ñ‡ßã  

> ‡¶è‡¶¨‡¶æ‡¶∞ ‡¶§‡ßÅ‡¶Æ‡¶ø ‡¶®‡¶ø‡¶ú‡ßá‡¶∞ E-commerce Database ‡¶§‡ßà‡¶∞‡¶ø ‡¶ï‡¶∞‡¶§‡ßá ‡¶™‡ßç‡¶∞‡¶∏‡ßç‡¶§‡ßÅ‡¶§! üõíüíª


# üíª Class 3 ‚Äî Data Types & Binary Numbers

---

## üìò Topic  
**‚Üí Datatype, Binary Number, Table Creation & Data Insertion**

---

## üß† Data Types in SQL

**1Ô∏è‚É£ Numeric Types**  
- `INT` ‚Üí ‡¶™‡ßÇ‡¶∞‡ßç‡¶£‡¶∏‡¶Ç‡¶ñ‡ßç‡¶Ø‡¶æ  
- `FLOAT`, `DOUBLE` ‚Üí ‡¶¶‡¶∂‡¶Æ‡¶ø‡¶ï ‡¶∏‡¶Ç‡¶ñ‡ßç‡¶Ø‡¶æ  

**2Ô∏è‚É£ Date & Time Types**  
- `DATE` ‚Üí ‡¶∂‡ßÅ‡¶ß‡ßÅ‡¶Æ‡¶æ‡¶§‡ßç‡¶∞ ‡¶§‡¶æ‡¶∞‡¶ø‡¶ñ  
- `DATETIME` ‚Üí ‡¶§‡¶æ‡¶∞‡¶ø‡¶ñ ‡¶ì ‡¶∏‡¶Æ‡ßü ‡¶¶‡ßÅ‡¶ü‡ßã‡¶á  

**3Ô∏è‚É£ String Types**  
- `CHAR`, `VARCHAR` ‚Üí ‡¶ü‡ßá‡¶ï‡ßç‡¶∏‡¶ü ‡¶∏‡¶Ç‡¶∞‡¶ï‡ßç‡¶∑‡¶£‡ßá‡¶∞ ‡¶ú‡¶®‡ßç‡¶Ø  

---

## ‚öôÔ∏è Binary Number System

Binary Number ‚Üí 0 ‡¶è‡¶¨‡¶Ç 1 ‡¶¶‡ßç‡¶¨‡¶æ‡¶∞‡¶æ ‡¶ó‡¶†‡¶ø‡¶§ ‡¶π‡ßü  
> ‡¶â‡¶¶‡¶æ‡¶π‡¶∞‡¶£: `1010` (Binary) = 10 (Decimal)

---

## üß© Make Student Database

### ‚úÖ Step 1: Create Database
```sql
CREATE DATABASE cstustudent;
USE cstustudent;
```

### ‚úÖ Step 2: Create Table
```sql
CREATE TABLE students(
    Name VARCHAR(100),
    Roll VARCHAR(8),
    Phone VARCHAR(15),
    Email VARCHAR(100),
    Gender ENUM('Male','Female')
);
```

---

## üíª Terminal View

```bash
MariaDB [(none)]> CREATE database cstustudent;
Query OK, 1 row affected (0.011 sec)

MariaDB [(none)]> SHOW databases;
+--------------------+
| Database           |
+--------------------+
| cstustudent        |
| ecomarce           |
| ecommerce          |
| information_schema |
| mysql              |
| performance_schema |
| sys                |
| test               |
| testdb             |
+--------------------+
9 rows in set (0.028 sec)

MariaDB [cstustudent]> CREATE TABLE students(
    -> Name VARCHAR(100),
    -> Roll VARCHAR(8),
    -> Phone VARCHAR(15),
    -> Email VARCHAR(100),
    -> Gender ENUM('Male', 'Female')
    -> );
Query OK, 0 rows affected (0.090 sec)
```

---

## üîé How to Show Table?

**Command:**
```sql
DESC students;
```

**Terminal View:**
```bash
+--------+-----------------------+------+-----+---------+-------+
| Field  | Type                  | Null | Key | Default | Extra |
+--------+-----------------------+------+-----+---------+-------+
| Name   | varchar(100)          | YES  |     | NULL    |       |
| Roll   | varchar(8)            | YES  |     | NULL    |       |
| Phone  | varchar(15)           | YES  |     | NULL    |       |
| Email  | varchar(100)          | YES  |     | NULL    |       |
| Gender | enum('Male','Female') | YES  |     | NULL    |       |
+--------+-----------------------+------+-----+---------+-------+
5 rows in set (0.108 sec)
```

---

## ‚úçÔ∏è Insert Data into Table

### Syntax:
```sql
INSERT INTO students(Name, Roll, Phone, Email, Gender)
VALUES ("Rakib", "50", "01707899058", "rh@gmail.com", "Male");
```

---

## üëÅÔ∏è Show Data

### Syntax:
```sql
SELECT * FROM students;
```

### Terminal View:
```bash
+-------+------+-------------+---------------+--------+
| Name  | Roll | Phone       | Email         | Gender |
+-------+------+-------------+---------------+--------+
| Rakib | 50   | 01707899058 | rh@gmail.com  | Male   |
+-------+------+-------------+---------------+--------+
1 row in set (0.022 sec)
```

---

## üß† Task 1 ‚Äî CEO Table Practice

### Command:
```sql
INSERT INTO ceo (id, name, email, phone)
VALUES
(1, "Fahim vai", "abc@gmail.com", "017xxxxxx"),
(2, "Zahid vai", "xyz@gmail.com", "017abcd"),
(3, "Zehad", "pqr@gmail.com", "018pqr"),
(4, "Rakib", "mno@gmail.com", "018mno"),
(5, "Sanjida apu", "ijk@gmail.com", "018ijk"),
(6, "Lamia apu", "sqr@gmail.com", "018sdk");
```

### Terminal View:
```bash
SELECT * FROM ceo;
+-------------+------+---------------+-----------+
| name        | id   | email         | phone     |
+-------------+------+---------------+-----------+
| Fahim vai   | 1    | abc@gmail.com | 017xxxxxx |
| Zahid vai   | 2    | xyz@gmail.com | 017abcd   |
| Zehad       | 3    | pqr@gmail.com | 018pqr    |
| Rakib       | 4    | mno@gmail.com | 018mno    |
| Sanjida apu | 5    | ijk@gmail.com | 018ijk    |
| Lamia apu   | 6    | sqr@gmail.com | 018sdk    |
+-------------+------+---------------+-----------+
6 rows in set (0.002 sec)
```

---

> ‚úÖ **Summary:**  
‡¶è‡¶á Class-‡¶è ‡¶Ü‡¶Æ‡¶∞‡¶æ ‡¶∂‡¶ø‡¶ñ‡ßá‡¶õ‡¶ø ‚Äî  
- SQL Data Types  
- Binary Number Basics  
- Database, Table Creation  
- Data Insert ‡¶è‡¶¨‡¶Ç Show ‡¶ï‡¶∞‡¶æ  

---

> ‚úçÔ∏è **By Rakib**  
_Made with ‚ù§Ô∏è for DBMS Practice_
>
# üìò Class 4 ‚Äî INSERT, SELECT, ALTER TABLE

---

## üß© Topic
**INSERT**, **SELECT**, **ALTER TABLE**

---

### üîπ ‡¶∏‡¶¨ ‡¶ï‡¶≤‡¶æ‡¶Æ SELECT ‡¶ï‡¶∞‡¶æ

```sql
SELECT * FROM TableName;
```

**Example:**
```sql
SELECT * FROM students;
```

---

### üîπ ‡¶®‡¶ø‡¶∞‡ßç‡¶¶‡¶ø‡¶∑‡ßç‡¶ü ‡¶ï‡¶≤‡¶æ‡¶Æ SELECT ‡¶ï‡¶∞‡¶æ

```sql
SELECT column1, column2, ... FROM TableName;
```

**Example:**
```sql
SELECT Name, Roll FROM students;
```

---

### üñ•Ô∏è Terminal View

```
MariaDB [cstustudent]> SELECT Name, Roll FROM students;
+-------+------+
| Name  | Roll |
+-------+------+
| Rakib | 50   |
+-------+------+
1 row in set (0.012 sec)
```

---

## üîÑ ‡¶ü‡ßá‡¶¨‡¶ø‡¶≤‡ßá‡¶∞ ‡¶®‡¶æ‡¶Æ ‡¶™‡¶∞‡¶ø‡¶¨‡¶∞‡ßç‡¶§‡¶® ‡¶ï‡¶∞‡¶æ

```sql
RENAME TABLE OldName TO NewName;
```

**Example:**
```sql
RENAME TABLE students TO student_data;
```

---

### üñ•Ô∏è Terminal View

```
MariaDB [cstustudent]> RENAME TABLE students TO student_data;
Query OK, 0 rows affected (0.015 sec)

MariaDB [cstustudent]> SHOW TABLES;
+----------------------+
| Tables_in_cstustudent |
+----------------------+
| student_data          |
+----------------------+
1 row in set (0.002 sec)
```

---

## ‚úèÔ∏è ALTER TABLE ‚Äî ‡¶ï‡¶≤‡¶æ‡¶Æ ‡¶™‡¶∞‡¶ø‡¶¨‡¶∞‡ßç‡¶§‡¶®, ‡¶Ø‡ßã‡¶ó ‡¶¨‡¶æ ‡¶¨‡¶æ‡¶¶ ‡¶¶‡ßá‡¶ì‡ßü‡¶æ

### üîπ ‡¶®‡¶§‡ßÅ‡¶® ‡¶ï‡¶≤‡¶æ‡¶Æ ‡¶Ø‡ßã‡¶ó ‡¶ï‡¶∞‡¶æ

```sql
ALTER TABLE student_data ADD COLUMN Address VARCHAR(100);
```

### üîπ ‡¶ï‡¶≤‡¶æ‡¶Æ‡ßá‡¶∞ ‡¶®‡¶æ‡¶Æ ‡¶™‡¶∞‡¶ø‡¶¨‡¶∞‡ßç‡¶§‡¶® ‡¶ï‡¶∞‡¶æ

```sql
ALTER TABLE student_data CHANGE COLUMN Roll StudentRoll VARCHAR(10);
```

### üîπ ‡¶ï‡¶≤‡¶æ‡¶Æ ‡¶Æ‡ßÅ‡¶õ‡ßá ‡¶´‡ßá‡¶≤‡¶æ

```sql
ALTER TABLE student_data DROP COLUMN Address;
```

---

## ‚úÖ Summary

‡¶è‡¶á ‡¶ï‡ßç‡¶≤‡¶æ‡¶∏‡ßá ‡¶∂‡¶ø‡¶ñ‡ßá‡¶õ‡ßã:
- SELECT ‡¶¶‡¶ø‡ßü‡ßá ‡¶°‡¶æ‡¶ü‡¶æ ‡¶¶‡ßá‡¶ñ‡¶æ  
- ‡¶®‡¶ø‡¶∞‡ßç‡¶¶‡¶ø‡¶∑‡ßç‡¶ü ‡¶ï‡¶≤‡¶æ‡¶Æ ‡¶¨‡¶æ‡¶õ‡¶æ‡¶á ‡¶ï‡¶∞‡¶æ  
- ‡¶ü‡ßá‡¶¨‡¶ø‡¶≤ rename ‡¶ï‡¶∞‡¶æ  
- ALTER TABLE ‡¶¶‡¶ø‡ßü‡ßá column add, rename ‡¶¨‡¶æ delete ‡¶ï‡¶∞‡¶æ  

---

> üí° **Tip:**  
> Practice ‡¶ï‡¶∞‡¶æ‡¶∞ ‡¶∏‡¶Æ‡ßü ‡¶∏‡¶¨ ‡¶ï‡¶Æ‡¶æ‡¶®‡ßç‡¶° `;` ‡¶¶‡¶ø‡ßü‡ßá ‡¶∂‡ßá‡¶∑ ‡¶ï‡¶∞‡¶¨‡ßá‡•§  
> ‡¶≠‡ßÅ‡¶≤ spelling ‡¶Ø‡ßá‡¶Æ‡¶® `FROLM` ‡¶¨‡¶æ `databese` ‡¶¶‡¶ø‡¶≤‡ßá syntax error ‡¶Ü‡¶∏‡¶¨‡ßá‡•§
