# DBMS-Learning
# ЁЯПл Class 1 тАФ Introduction to DBMS

## 1я╕ПтГг Termux Setup for Database

- Termux ржЗржирзНрж╕ржЯрж▓ ржХрж░рзЛ  
- MariaDB ржмрж╛ MySQL ржкрзНржпрж╛ржХрзЗржЬ ржЗржирзНрж╕ржЯрж▓ ржХрж░рзЛ:  
```bash
pkg install mariadb
```
- рж╕рж╛рж░рзНржнрж╛рж░ рж╕рзНржЯрж╛рж░рзНржЯ ржХрж░рзЛ:  
```bash
mysqld_safe &
```
- MariaDB ржП ржкрзНрж░ржмрзЗрж╢ ржХрж░рзЛ:  
```bash
mysql -u root
```

> ржПржЦржи рждрзБржорж┐ Database рждрзИрж░рж┐ ржПржмржВ SQL commands ржмрзНржпржмрж╣рж╛рж░ ржХрж░рждрзЗ ржкрзНрж░рж╕рзНрждрзБрждред  

---

## 2я╕ПтГг What is DBMS?

**DBMS (Database Management System)** тЖТ ржПржоржи software ржпрж╛ ржбрж╛ржЯрж╛ржХрзЗ **store, manage ржПржмржВ organize** ржХрж░рзЗред  

### Key Points:
- ржбрж╛ржЯрж╛ рж╕ржВрж░ржХрзНрж╖ржг ржХрж░рзЗ **efficient ржПржмржВ secure** ржнрж╛ржмрзЗред  
- SQL ржмрзНржпржмрж╣рж╛рж░ ржХрж░рзЗ ржбрж╛ржЯрж╛ **query ржПржмржВ manipulate** ржХрж░рж╛ ржпрж╛рзЯред  
- ржЙржжрж╛рж╣рж░ржг: MySQL, MariaDB, PostgreSQL, Oracle DB  

---

## 3я╕ПтГг Why DBMS?

- ржбрж╛ржЯрж╛рж░ **consistency** ржУ **integrity** ржмржЬрж╛рзЯ рж░рж╛ржЦрзЗ  
- ржбрж╛ржЯрж╛рж░ **security** ржирж┐рж╢рзНржЪрж┐ржд ржХрж░рзЗ  
- рж╕рж╣ржЬрзЗ **search, update, delete** ржХрж░рж╛ ржпрж╛рзЯ  

> тЬЕ DBMS рж╢рзЗржЦрж╛рж░ ржорж╛ржзрзНржпржорзЗ рждрзБржорж┐ Structured Data handle ржХрж░рждрзЗ ржкрж╛рж░ржмрзЗ ржПржмржВ real-world applications ржП ржХрж╛ржЬ ржХрж░рждрзЗ ржкрж╛рж░ржмрзЗред


# ЁЯПл Class 2 тАФ Step by Step Database Tutorial

Step by Step ржЧрж╛ржЗржб ржЖржорж╛ржжрзЗрж░ **Database ржПржмржВ Table рждрзИрж░рж┐** ржХрж░рж╛рж░ ржЬржирзНржпред  

---

## ЁЯУЭ ржЖржорж╛ржжрзЗрж░ ржХрж╛ржЬ

### 1я╕ПтГг Database рждрзИрж░рж┐ ржХрж░рж╛
**Cmd:**  
```sql
SHOW databases;
```
> ржПржЗ ржХржорж╛ржирзНржб ржжрж┐ржпрж╝рзЗ ржЖржЧрзЗ ржерзЗржХрзЗ ржерж╛ржХрж╛ ржбрж╛ржЯрж╛ржмрзЗрж╕ржЧрзБрж▓рзЛ ржжрзЗржЦрж╛ ржпрж╛ржпрж╝ред  

**Cmd (ржирждрзБржи Database рждрзИрж░рж┐ ржХрж░рж╛рж░ ржЬржирзНржп):**  
```sql
CREATE DATABASE DatabaseName;
```
> ржПржЦрж╛ржирзЗ `DatabaseName` ржПрж░ ржЬрж╛рзЯржЧрж╛рзЯ ржирж┐ржЬрзЗрж░ ржбрж╛ржЯрж╛ржмрзЗрж╕рзЗрж░ ржирж╛ржо ржмрзНржпржмрж╣рж╛рж░ ржХрж░ржмрзЗред  

---

### 2я╕ПтГг Database-ржП ржкрзНрж░ржмрзЗрж╢ ржХрж░рж╛
**Cmd:**  
```sql
USE DatabaseName;
```
> ржПржЯрж┐ рждрзЛржорж╛ржХрзЗ ржирж┐рж░рзНржжрж┐рж╖рзНржЯ ржбрж╛ржЯрж╛ржмрзЗрж╕рзЗ ржкрзНрж░ржмрзЗрж╢ ржХрж░рж╛ржмрзЗред  

---

### 3я╕ПтГг ржЯрзЗржмрж┐рж▓ рждрзИрж░рж┐ ржХрж░рж╛
**Cmd:**  
```sql
CREATE TABLE product(
    Name VARCHAR(100),
    Description VARCHAR(100),
    Price INT,
    Variant VARCHAR(100)
);
```
> ржПржЗ ржХржорж╛ржирзНржб ржжрж┐ржпрж╝рзЗ `product` ржирж╛ржорзЗ ржПржХржЯрж┐ ржЯрзЗржмрж┐рж▓ рждрзИрж░рж┐ рж╣ржмрзЗред  

**Cmd (ржЯрзЗржмрж┐рж▓ржЧрзБрж▓рзЛ ржжрзЗржЦрж╛ржирзЛрж░ ржЬржирзНржп):**  
```sql
SHOW TABLES;
```
> ржПржЗ ржХржорж╛ржирзНржб ржжрж┐ржпрж╝рзЗ ржбрж╛ржЯрж╛ржмрзЗрж╕рзЗрж░ рж╕ржм ржЯрзЗржмрж┐рж▓ ржжрзЗржЦрж╛ ржпрж╛ржмрзЗред  

---

## ЁЯФН Column Explanation

- **Name**  
  - ржЯрж╛ржЗржк: `VARCHAR(100)`  
  - ржмрзНржпрж╛ржЦрзНржпрж╛: ржкрзНрж░рзЛржбрж╛ржХрзНржЯрзЗрж░ ржирж╛ржо рж╕ржВрж░ржХрзНрж╖ржг ржХрж░рзЗред  

- **Description**  
  - ржЯрж╛ржЗржк: `VARCHAR(100)`  
  - ржмрзНржпрж╛ржЦрзНржпрж╛: ржкрзНрж░рзЛржбрж╛ржХрзНржЯрзЗрж░ ржмрж┐рж╕рзНрждрж╛рж░рж┐ржд ржмрж┐ржмрж░ржгред  

- **Price**  
  - ржЯрж╛ржЗржк: `INT`  
  - ржмрзНржпрж╛ржЦрзНржпрж╛: ржкрзНрж░рзЛржбрж╛ржХрзНржЯрзЗрж░ ржжрж╛ржоред  

- **Variant**  
  - ржЯрж╛ржЗржк: `VARCHAR(100)`  
  - ржмрзНржпрж╛ржЦрзНржпрж╛: ржкрзНрж░рзЛржбрж╛ржХрзНржЯрзЗрж░ ржнрзНржпрж╛рж░рж┐ржпрж╝рзЗржирзНржЯ, ржпрзЗржоржи рж░ржЩ ржмрж╛ рж╕рж╛ржЗржЬред  

---

## ЁЯТб Tips
- рж╕ржм SQL ржХржорж╛ржирзНржб **`sql` ржХрзЛржб ржмрзНрж▓ржХ**-ржП рж░рж╛ржЦрж▓рзЗ GitHub README-рждрзЗ рж╕рзБржирзНржжрж░ ржжрзЗржЦрж╛ржмрзЗред  
- ржбрж╛ржЯрж╛ржмрзЗрж╕ ржирж╛ржо ржУ ржЯрзЗржмрж┐рж▓ ржирж╛ржо ржЫрзЛржЯ рж╣рж╛рждрзЗрж░ ржЕржХрзНрж╖рж░рзЗ рж░рж╛ржЦрж▓рзЗ ржХрзЛржирзЛ рж╕ржорж╕рзНржпрж╛ рж╣ржмрзЗ ржирж╛ред  
- ржкрзНрж░рзЯрзЛржЬржирзЗ `ALTER TABLE` ржжрж┐рзЯрзЗ Column ржпрзЛржЧ ржмрж╛ ржкрж░рж┐ржмрж░рзНрждржи ржХрж░рж╛ ржпрзЗрждрзЗ ржкрж╛рж░рзЗред  

---

ЁЯОп **Summary Steps**  
1. `SHOW databases` тЖТ ржбрж╛ржЯрж╛ржмрзЗрж╕ ржжрзЗржЦрж╛  
2. `CREATE DATABASE` тЖТ ржирждрзБржи ржбрж╛ржЯрж╛ржмрзЗрж╕ рждрзИрж░рж┐  
3. `USE` тЖТ ржбрж╛ржЯрж╛ржмрзЗрж╕рзЗ ржкрзНрж░ржмрзЗрж╢  
4. `CREATE TABLE` тЖТ ржЯрзЗржмрж┐рж▓ рждрзИрж░рж┐  
5. `SHOW TABLES` тЖТ ржЯрзЗржмрж┐рж▓ржЧрзБрж▓рзЛ ржжрзЗржЦрзЛ  

> ржПржмрж╛рж░ рждрзБржорж┐ ржирж┐ржЬрзЗрж░ E-commerce Database рждрзИрж░рж┐ ржХрж░рждрзЗ ржкрзНрж░рж╕рзНрждрзБржд! ЁЯЫТЁЯТ╗


# ЁЯТ╗ Class 3 тАФ Data Types & Binary Numbers

---

## ЁЯУШ Topic  
**тЖТ Datatype, Binary Number, Table Creation & Data Insertion**

---

## ЁЯза Data Types in SQL

**1я╕ПтГг Numeric Types**  
- `INT` тЖТ ржкрзВрж░рзНржгрж╕ржВржЦрзНржпрж╛  
- `FLOAT`, `DOUBLE` тЖТ ржжрж╢ржорж┐ржХ рж╕ржВржЦрзНржпрж╛  

**2я╕ПтГг Date & Time Types**  
- `DATE` тЖТ рж╢рзБржзрзБржорж╛рждрзНрж░ рждрж╛рж░рж┐ржЦ  
- `DATETIME` тЖТ рждрж╛рж░рж┐ржЦ ржУ рж╕ржорзЯ ржжрзБржЯрзЛржЗ  

**3я╕ПтГг String Types**  
- `CHAR`, `VARCHAR` тЖТ ржЯрзЗржХрзНрж╕ржЯ рж╕ржВрж░ржХрзНрж╖ржгрзЗрж░ ржЬржирзНржп  

---

## тЪЩя╕П Binary Number System

Binary Number тЖТ 0 ржПржмржВ 1 ржжрзНржмрж╛рж░рж╛ ржЧржарж┐ржд рж╣рзЯ  
> ржЙржжрж╛рж╣рж░ржг: `1010` (Binary) = 10 (Decimal)

---

## ЁЯзй Make Student Database

### тЬЕ Step 1: Create Database
```sql
CREATE DATABASE cstustudent;
USE cstustudent;
```

### тЬЕ Step 2: Create Table
```sql
CREATE TABLE students(
    Name VARCHAR(100),
    Roll VARCHAR(8),
    Phone VARCHAR(15),
    Email VARCHAR(100),
    Gender ENUM('Male','Female')
);
```

---

## ЁЯТ╗ Terminal View

```bash
MariaDB [(none)]> CREATE database cstustudent;
Query OK, 1 row affected (0.011 sec)

MariaDB [(none)]> SHOW databases;
+--------------------+
| Database           |
+--------------------+
| cstustudent        |
| ecomarce           |
| ecommerce          |
| information_schema |
| mysql              |
| performance_schema |
| sys                |
| test               |
| testdb             |
+--------------------+
9 rows in set (0.028 sec)

MariaDB [cstustudent]> CREATE TABLE students(
    -> Name VARCHAR(100),
    -> Roll VARCHAR(8),
    -> Phone VARCHAR(15),
    -> Email VARCHAR(100),
    -> Gender ENUM('Male', 'Female')
    -> );
Query OK, 0 rows affected (0.090 sec)
```

---

## ЁЯФО How to Show Table?

**Command:**
```sql
DESC students;
```

**Terminal View:**
```bash
+--------+-----------------------+------+-----+---------+-------+
| Field  | Type                  | Null | Key | Default | Extra |
+--------+-----------------------+------+-----+---------+-------+
| Name   | varchar(100)          | YES  |     | NULL    |       |
| Roll   | varchar(8)            | YES  |     | NULL    |       |
| Phone  | varchar(15)           | YES  |     | NULL    |       |
| Email  | varchar(100)          | YES  |     | NULL    |       |
| Gender | enum('Male','Female') | YES  |     | NULL    |       |
+--------+-----------------------+------+-----+---------+-------+
5 rows in set (0.108 sec)
```

---

## тЬНя╕П Insert Data into Table

### Syntax:
```sql
INSERT INTO students(Name, Roll, Phone, Email, Gender)
VALUES ("Rakib", "50", "01707899058", "rh@gmail.com", "Male");
```

---

## ЁЯСБя╕П Show Data

### Syntax:
```sql
SELECT * FROM students;
```

### Terminal View:
```bash
+-------+------+-------------+---------------+--------+
| Name  | Roll | Phone       | Email         | Gender |
+-------+------+-------------+---------------+--------+
| Rakib | 50   | 01707899058 | rh@gmail.com  | Male   |
+-------+------+-------------+---------------+--------+
1 row in set (0.022 sec)
```

---

## ЁЯза Task 1 тАФ CEO Table Practice

### Command:
```sql
INSERT INTO ceo (id, name, email, phone)
VALUES
(1, "Fahim vai", "abc@gmail.com", "017xxxxxx"),
(2, "Zahid vai", "xyz@gmail.com", "017abcd"),
(3, "Zehad", "pqr@gmail.com", "018pqr"),
(4, "Rakib", "mno@gmail.com", "018mno"),
(5, "Sanjida apu", "ijk@gmail.com", "018ijk"),
(6, "Lamia apu", "sqr@gmail.com", "018sdk");
```

### Terminal View:
```bash
SELECT * FROM ceo;
+-------------+------+---------------+-----------+
| name        | id   | email         | phone     |
+-------------+------+---------------+-----------+
| Fahim vai   | 1    | abc@gmail.com | 017xxxxxx |
| Zahid vai   | 2    | xyz@gmail.com | 017abcd   |
| Zehad       | 3    | pqr@gmail.com | 018pqr    |
| Rakib       | 4    | mno@gmail.com | 018mno    |
| Sanjida apu | 5    | ijk@gmail.com | 018ijk    |
| Lamia apu   | 6    | sqr@gmail.com | 018sdk    |
+-------------+------+---------------+-----------+
6 rows in set (0.002 sec)
```

---

> тЬЕ **Summary:**  
ржПржЗ Class-ржП ржЖржорж░рж╛ рж╢рж┐ржЦрзЗржЫрж┐ тАФ  
- SQL Data Types  
- Binary Number Basics  
- Database, Table Creation  
- Data Insert ржПржмржВ Show ржХрж░рж╛  

---

> тЬНя╕П **By Rakib**  
_Made with тЭдя╕П for DBMS Practice_
