# üíª Class 3 ‚Äî Data Types & Binary Numbers

---

## üìò Topic  
**‚Üí Datatype, Binary Number, Table Creation & Data Insertion**

---

## üß† Data Types in SQL

**1Ô∏è‚É£ Numeric Types**  
- `INT` ‚Üí ‡¶™‡ßÇ‡¶∞‡ßç‡¶£‡¶∏‡¶Ç‡¶ñ‡ßç‡¶Ø‡¶æ  
- `FLOAT`, `DOUBLE` ‚Üí ‡¶¶‡¶∂‡¶Æ‡¶ø‡¶ï ‡¶∏‡¶Ç‡¶ñ‡ßç‡¶Ø‡¶æ  

**2Ô∏è‚É£ Date & Time Types**  
- `DATE` ‚Üí ‡¶∂‡ßÅ‡¶ß‡ßÅ‡¶Æ‡¶æ‡¶§‡ßç‡¶∞ ‡¶§‡¶æ‡¶∞‡¶ø‡¶ñ  
- `DATETIME` ‚Üí ‡¶§‡¶æ‡¶∞‡¶ø‡¶ñ ‡¶ì ‡¶∏‡¶Æ‡ßü ‡¶¶‡ßÅ‡¶ü‡ßã‡¶á  

**3Ô∏è‚É£ String Types**  
- `CHAR`, `VARCHAR` ‚Üí ‡¶ü‡ßá‡¶ï‡ßç‡¶∏‡¶ü ‡¶∏‡¶Ç‡¶∞‡¶ï‡ßç‡¶∑‡¶£‡ßá‡¶∞ ‡¶ú‡¶®‡ßç‡¶Ø  

---

## ‚öôÔ∏è Binary Number System

Binary Number ‚Üí 0 ‡¶è‡¶¨‡¶Ç 1 ‡¶¶‡ßç‡¶¨‡¶æ‡¶∞‡¶æ ‡¶ó‡¶†‡¶ø‡¶§ ‡¶π‡ßü  
> ‡¶â‡¶¶‡¶æ‡¶π‡¶∞‡¶£: `1010` (Binary) = 10 (Decimal)

---

## üß© Make Student Database

### ‚úÖ Step 1: Create Database
```sql
CREATE DATABASE cstustudent;
USE cstustudent;
```

### ‚úÖ Step 2: Create Table
```sql
CREATE TABLE students(
    Name VARCHAR(100),
    Roll VARCHAR(8),
    Phone VARCHAR(15),
    Email VARCHAR(100),
    Gender ENUM('Male','Female')
);
```

---

## üíª Terminal View

```bash
MariaDB [(none)]> CREATE database cstustudent;
Query OK, 1 row affected (0.011 sec)

MariaDB [(none)]> SHOW databases;
+--------------------+
| Database           |
+--------------------+
| cstustudent        |
| ecomarce           |
| ecommerce          |
| information_schema |
| mysql              |
| performance_schema |
| sys                |
| test               |
| testdb             |
+--------------------+
9 rows in set (0.028 sec)

MariaDB [cstustudent]> CREATE TABLE students(
    -> Name VARCHAR(100),
    -> Roll VARCHAR(8),
    -> Phone VARCHAR(15),
    -> Email VARCHAR(100),
    -> Gender ENUM('Male', 'Female')
    -> );
Query OK, 0 rows affected (0.090 sec)
```

---

## üîé How to Show Table?

**Command:**
```sql
DESC students;
```

**Terminal View:**
```bash
+--------+-----------------------+------+-----+---------+-------+
| Field  | Type                  | Null | Key | Default | Extra |
+--------+-----------------------+------+-----+---------+-------+
| Name   | varchar(100)          | YES  |     | NULL    |       |
| Roll   | varchar(8)            | YES  |     | NULL    |       |
| Phone  | varchar(15)           | YES  |     | NULL    |       |
| Email  | varchar(100)          | YES  |     | NULL    |       |
| Gender | enum('Male','Female') | YES  |     | NULL    |       |
+--------+-----------------------+------+-----+---------+-------+
5 rows in set (0.108 sec)
```

---

## ‚úçÔ∏è Insert Data into Table

### Syntax:
```sql
INSERT INTO students(Name, Roll, Phone, Email, Gender)
VALUES ("Rakib", "50", "01707899058", "rh@gmail.com", "Male");
```

---

## üëÅÔ∏è Show Data

### Syntax:
```sql
SELECT * FROM students;
```

### Terminal View:
```bash
+-------+------+-------------+---------------+--------+
| Name  | Roll | Phone       | Email         | Gender |
+-------+------+-------------+---------------+--------+
| Rakib | 50   | 01707899058 | rh@gmail.com  | Male   |
+-------+------+-------------+---------------+--------+
1 row in set (0.022 sec)
```

---

## üß† Task 1 ‚Äî CEO Table Practice

### Command:
```sql
INSERT INTO ceo (id, name, email, phone)
VALUES
(1, "Fahim vai", "abc@gmail.com", "017xxxxxx"),
(2, "Zahid vai", "xyz@gmail.com", "017abcd"),
(3, "Zehad", "pqr@gmail.com", "018pqr"),
(4, "Rakib", "mno@gmail.com", "018mno"),
(5, "Sanjida apu", "ijk@gmail.com", "018ijk"),
(6, "Lamia apu", "sqr@gmail.com", "018sdk");
```

### Terminal View:
```bash
SELECT * FROM ceo;
+-------------+------+---------------+-----------+
| name        | id   | email         | phone     |
+-------------+------+---------------+-----------+
| Fahim vai   | 1    | abc@gmail.com | 017xxxxxx |
| Zahid vai   | 2    | xyz@gmail.com | 017abcd   |
| Zehad       | 3    | pqr@gmail.com | 018pqr    |
| Rakib       | 4    | mno@gmail.com | 018mno    |
| Sanjida apu | 5    | ijk@gmail.com | 018ijk    |
| Lamia apu   | 6    | sqr@gmail.com | 018sdk    |
+-------------+------+---------------+-----------+
6 rows in set (0.002 sec)
```

---

> ‚úÖ **Summary:**  
‡¶è‡¶á Class-‡¶è ‡¶Ü‡¶Æ‡¶∞‡¶æ ‡¶∂‡¶ø‡¶ñ‡ßá‡¶õ‡¶ø ‚Äî  
- SQL Data Types  
- Binary Number Basics  
- Database, Table Creation  
- Data Insert ‡¶è‡¶¨‡¶Ç Show ‡¶ï‡¶∞‡¶æ  

---

> ‚úçÔ∏è **By Rakib**  
_Made with ‚ù§Ô∏è for DBMS Practice_